{
    "AS_Button_f04984e4f82b4cc6a6168ffea375a260": {
        "id": "AS_Button_f04984e4f82b4cc6a6168ffea375a260",
        "type": "ACTION_SEQUENCE",
        "params": [{
            "datatype": "collection",
            "name": "eventobject"
        }],
        "contextObj": {
            "name": "FormDataGrid",
            "type": "forms",
            "platform": null,
            "KUID": "fb790e82b30848e0acb442520ab55df3"
        },
        "language": "js",
        "actions": [{
            "id": "NAVIGATE_TO_FORM___fde8cf034db9498891c1e3760b4b894b",
            "type": "NAVIGATE_TO_FORM",
            "formId": "Home",
            "formKUID": "f2a1d30b0ab54c9fb9b5b2a5e66cc500",
            "mappings": {},
            "mappingsOrder": [],
            "parentId": "",
            "callbackType": null,
            "enableMappingEditor": true
        }]
    }
}