{
    "AS_Button_j20ad48762234f53b4a3257c74ba9408": {
        "id": "AS_Button_j20ad48762234f53b4a3257c74ba9408",
        "type": "ACTION_SEQUENCE",
        "params": [{
            "datatype": "collection",
            "name": "eventobject"
        }],
        "contextObj": {
            "name": "Home",
            "type": "forms",
            "platform": "",
            "KUID": "f2a1d30b0ab54c9fb9b5b2a5e66cc500"
        },
        "language": "js",
        "actions": [{
            "id": "NAVIGATE_TO_FORM___e856bbbb0ac04b098f1ae805bb86e450",
            "type": "NAVIGATE_TO_FORM",
            "formId": "FormDataGrid",
            "formKUID": "fb790e82b30848e0acb442520ab55df3",
            "mappings": {},
            "mappingsOrder": [],
            "parentId": "",
            "callbackType": null,
            "enableMappingEditor": true
        }]
    }
}