{
    "AS_Form_d5190783a6814cf097146bce61b6cbb5": {
        "id": "AS_Form_d5190783a6814cf097146bce61b6cbb5",
        "type": "ACTION_SEQUENCE",
        "params": [{
            "datatype": "collection",
            "name": "eventobject"
        }],
        "contextObj": {
            "name": "Home",
            "type": "forms",
            "platform": "",
            "KUID": "f2a1d30b0ab54c9fb9b5b2a5e66cc500"
        },
        "language": "js",
        "actions": [{
            "id": "INVOKE_FUNCTION___h264178b69644c52aca11ff1d18c6d75",
            "type": "INVOKE_FUNCTION",
            "sequenceKUID": "createDB",
            "display": "createDB",
            "inputparams": [],
            "parentId": null,
            "callbackType": null,
            "disabled": null
        }]
    }
}