{
    "AS_Form_h7dc2dc54c474b238947937fc4833cff": {
        "id": "AS_Form_h7dc2dc54c474b238947937fc4833cff",
        "type": "ACTION_SEQUENCE",
        "params": [{
            "datatype": "collection",
            "name": "eventobject"
        }],
        "contextObj": {
            "name": "Home",
            "type": "forms",
            "platform": "",
            "KUID": "f2a1d30b0ab54c9fb9b5b2a5e66cc500"
        },
        "language": "js",
        "actions": [{
            "id": "INVOKE_FUNCTION___a16565b2002b47e18ccff9a2e04ae7a7",
            "type": "INVOKE_FUNCTION",
            "sequenceKUID": "createDB",
            "display": "createDB",
            "inputparams": [],
            "parentId": null,
            "callbackType": null,
            "disabled": null
        }]
    }
}