{
    "@class": "com.kony.gen.viz.model.component.KVizButton",
    "DNDConfig": null,
    "__parentReadjusting__": false,
    "_height_": {
        "type": "string",
        "value": "50dp"
    },
    "_left_": {
        "type": "string",
        "value": "54dp"
    },
    "_margin_": [
        6,
        6,
        6,
        6
    ],
    "_padding_": [
        0,
        0,
        0,
        0
    ],
    "_skin_": "s2d1124b3d8546ba9647e1ec017a333f",
    "_text_": "See Data",
    "_top_": {
        "type": "string",
        "value": "441dp"
    },
    "_width_": {
        "type": "string",
        "value": "260dp"
    },
    "canUpdateUI": true,
    "containerweight": 100,
    "contentalignment": 5,
    "displaytext": true,
    "focusskin": "sc37a86deab448289789645afb85e36b",
    "id": "Button0b6c034c5c98443",
    "info": null,
    "isvisible": true,
    "kuid": "cc2cd744f9ed4979bfaaf4a737fcb7c8",
    "name": "kony.ui.Button",
    "onclick": "AS_Button_j20ad48762234f53b4a3257c74ba9408",
    "parent": "Home",
    "pf": "Home",
    "wType": "Button",
    "zindex": 2
}