{
    "APPLICATION_THEME": "default",
    "appaddrkey": "",
    "appidkey": "Project00b76ba33e",
    "appmenu": {
        "desktop": {
            "data": [
                {
                    "icon": {
                        "default": "option1.png"
                    },
                    "id": "appmenuitemid1",
                    "kuid": "61274da2116b489a9898fe8a036b606c",
                    "title": "Item 1"
                },
                {
                    "icon": {
                        "default": "option2.png"
                    },
                    "id": "appmenuitemid2",
                    "kuid": "36f4d371d6a244aca8eb898e97193bda",
                    "title": "Item 2"
                },
                {
                    "icon": {
                        "default": "option3.png"
                    },
                    "id": "appmenuitemid3",
                    "kuid": "7d9236af92e243699e192110b00a5c6c",
                    "title": "Item 3"
                },
                {
                    "icon": {
                        "default": "option4.png"
                    },
                    "id": "appmenuitemid4",
                    "kuid": "a9678b180bfc4f829ee1d2d2072a260a",
                    "title": "Item 4"
                }
            ]
        },
        "focusSkin": null,
        "focusskin": null,
        "mobile": {
            "data": [
                {
                    "icon": {
                        "default": "option1.png"
                    },
                    "id": "appmenuitemid1",
                    "kuid": "0145b9512a754c929af9a5b9bba4d8ae",
                    "title": "Item 1"
                },
                {
                    "icon": {
                        "default": "option2.png"
                    },
                    "id": "appmenuitemid2",
                    "kuid": "cbaf3ecdc88942a1948a6bf26ba8ef97",
                    "title": "Item 2"
                },
                {
                    "icon": {
                        "default": "option3.png"
                    },
                    "id": "appmenuitemid3",
                    "kuid": "8846c145c86f44dba57a839ed8d6bf54",
                    "title": "Item 3"
                },
                {
                    "icon": {
                        "default": "option4.png"
                    },
                    "id": "appmenuitemid4",
                    "kuid": "01836052317543d0b8552657bc080566",
                    "title": "Item 4"
                }
            ]
        },
        "osPlatform": "",
        "osVersion": "iOS7",
        "skin": null,
        "tablet": {
            "data": [
                {
                    "icon": {
                        "default": "option1.png"
                    },
                    "id": "appmenuitemid1",
                    "kuid": "4617bd4afbab45f19d9c3d727177867a",
                    "title": "Item 1",
                    "windows8": {
                        "appBarButtonStyle": "No Style",
                        "position": "BOTTOM_LEFT"
                    }
                },
                {
                    "icon": {
                        "default": "option2.png"
                    },
                    "id": "appmenuitemid2",
                    "kuid": "2a440461a73f49469f69d114a3844d16",
                    "title": "Item 2",
                    "windows8": {
                        "appBarButtonStyle": "No Style",
                        "position": "BOTTOM_LEFT"
                    }
                },
                {
                    "icon": {
                        "default": "option3.png"
                    },
                    "id": "appmenuitemid3",
                    "kuid": "ca9757563deb46d3b83799fbc2ff56e1",
                    "title": "Item 3",
                    "windows8": {
                        "appBarButtonStyle": "No Style",
                        "position": "BOTTOM_LEFT"
                    }
                },
                {
                    "icon": {
                        "default": "option4.png"
                    },
                    "id": "appmenuitemid4",
                    "kuid": "b586ee1e85044d1d9386651e312c9b33",
                    "title": "Item 4",
                    "windows8": {
                        "appBarButtonStyle": "No Style",
                        "position": "BOTTOM_LEFT"
                    }
                }
            ]
        },
        "wType": "Appmenu"
    },
    "appnamekey": "TestSQLite",
    "apppackagekey": "",
    "appversionkey": "1.0.0",
    "build": "debug",
    "category": "app",
    "createdVizVersion": "2.9.0",
    "createdgaversion": "6.9.0",
    "currentgaversion": "7.3.0",
    "defaulttheme": "defaultTheme",
    "isDpScaleFactor": true,
    "isNewAppWithRespectToAndroidPackageName": "",
    "konyVizVersion": "7.3.0",
    "mastersProperties": {
        "mastersVersion": "1.0.0"
    },
    "mwaddrkey": "",
    "mwhttpsportkey": "",
    "mwportkey": "",
    "project.type": "js",
    "project_version": "sprint27",
    "referenceWidth": "375",
    "startupformkey": "Home",
    "vendornamekey": "KonyLabs",
    "winmobileguidkey": "",
    "nativeContainerProperties": {
        "isModified": true,
        "isEnableJSContainer": false,
        "isEnableJSContainerAndroid": false,
        "isEnableJSContaineriOS": false
    },
    "accountCloudGuid": "17b4e665-dddd-4dbf-a934-bd3c0138b83f",
    "projectCloudGuid": "fe493532-8773-4d56-b255-0ab9afe785c6",
    "prototype": {
        "createdOn": "2017-05-29T07:12:30.322Z",
        "createdById": "5c16168c-006c-4234-9ee1-65784339d90c",
        "createdBy": "Mohd%20Syauqi Salehen",
        "shareGuid": "IFQYF",
        "resourceId": "312f5097-1b9a-406e-a93e-ef298d225591",
        "PublishMode": "public"
    },
    "export.type": "visualizer"
}