{
    "@class": "com.kony.gen.viz.model.component.KVizButton",
    "DNDConfig": null,
    "__parentReadjusting__": false,
    "_height_": {
        "type": "string",
        "value": "50dp"
    },
    "_left_": {
        "type": "string",
        "value": "44dp"
    },
    "_margin_": [
        6,
        6,
        6,
        6
    ],
    "_padding_": [
        0,
        0,
        0,
        0
    ],
    "_skin_": "s2d1124b3d8546ba9647e1ec017a333f",
    "_text_": "Cuba Add Data",
    "_top_": {
        "type": "string",
        "value": "531dp"
    },
    "_width_": {
        "type": "string",
        "value": "260dp"
    },
    "canUpdateUI": true,
    "containerweight": 100,
    "contentalignment": 5,
    "displaytext": true,
    "focusskin": "sc37a86deab448289789645afb85e36b",
    "id": "Button0cfb54e62a04840",
    "info": null,
    "isvisible": true,
    "kuid": "e4a17c70b66a48aab5c68f356b4622b4",
    "name": "kony.ui.Button",
    "onclick": "AS_Button_ia986f39503c4de88ab1b53eee699c9e",
    "parent": "FormDataGrid",
    "pf": "FormDataGrid",
    "wType": "Button",
    "zindex": 1
}